address,location
403 Irving St San Francisco,"(37.764088, -122.4623667)"
3104 24th St San Francisco,"(37.7519806, -122.4228345)"
1039 Stockton St San Francisco,"(37.7927488, -122.4076476)"
501 O'Farrell St San Francisco,"(37.7856875, -122.4131188)"
726 Clement St San Francisco,"(37.7817296, -122.4913201)"
"5900 3rd St, C2001 San Francisco","(None, None)"
2325 Pine St San Francisco,"(37.7875374, -122.4369507)"
425 Battery St San Francisco,"(37.7936968, -122.4000735)"
1018 Taraval St San Francisco,"(37.7417338, -122.5057097)"
1101 Stockton St San Francisco,"(37.7927488, -122.4076476)"
1051 Market St San Francisco,"(37.7814862, -122.4107451)"
142 McAllister St San Francisco,"(37.7810015, -122.4131495)"
24 WILLIE MAYS PLAZA San Francisco,"(37.7786119, -122.390267454256)"
244 Clement St San Francisco,"(37.7817296, -122.4913201)"
1125 Ocean Ave 102 San Francisco,"(None, None)"
1690 Valencia St San Francisco,"(37.7456134, -122.4202219)"
2531 San Bruno Ave San Francisco,"(37.7239221, -122.4020784)"
4517 03rd St San Francisco,"(None, None)"
24 Wiilie Mays Pl #120 San Francisco,"(None, None)"
2339 Noriega St San Francisco,"(37.7541484, -122.4786369)"
65 Post St San Francisco,"(37.7890922, -122.4021417)"
464 Broadway St San Francisco,"(37.7964703, -122.4171937)"
3414 22nd St San Francisco,"(37.7552367, -122.4236086)"
Off The Grid San Francisco,"(37.806651, -122.4314265)"
"2565 03rd St, #336 San Francisco","(None, None)"
1548 Ocean Ave San Francisco,"(37.7298492, -122.4690643)"
100 06th St San Francisco,"(22.9290521, -82.6951949)"
449 Powell St 2nd Floor San Francisco,"(None, None)"
500 Post St San Francisco,"(37.7890922, -122.4021417)"
2449 23rd St San Francisco,"(37.7545812, -122.406442)"
5937 Geary Blvd San Francisco,"(37.7813601, -122.4556556)"
590 Valencia St San Francisco,"(37.7601021, -122.4214375)"
2080 Chestnut St San Francisco,"(37.80084135, -122.437886353604)"
1055 Ellis St San Francisco,"(37.7853941, -122.4086959)"
2253 Irving St San Francisco,"(37.7632137, -122.4822814)"
1706 Church St San Francisco,"(37.7434738, -122.4268364)"
1466 Haight St San Francisco,"(37.7701595, -122.4458163)"
2181 Irving St San Francisco,"(37.7629097, -122.4921457)"
100 Connecticut St San Francisco,"(37.7637902, -122.3976126)"
2436 Clement St San Francisco,"(37.7817296, -122.4913201)"
4794 Mission St San Francisco,"(37.792562, -122.3940959)"
2598 Folsom St San Francisco,"(37.7698025, -122.415528)"
2769 Lombard St San Francisco,"(37.79833725, -122.446983756316)"
235 2nd St San Francisco,"(37.78650165, -122.3970647)"
135 04th St San Francisco,"(None, None)"
1654 Haight St San Francisco,"(37.7701595, -122.4458163)"
2950 21st St San Francisco,"(37.756954, -122.4203385)"
200 Columbus St San Francisco,"(37.7994755, -122.4088136)"
670 B Commercial St San Francisco,"(37.7945686, -122.4004052)"
1210 Stockton St San Francisco,"(37.7927488, -122.4076476)"
720 Market St San Francisco,"(37.7875018, -122.4040444)"
4251 A 18th St San Francisco,"(None, None)"
2794 California St San Francisco,"(37.7844693, -122.4722948)"
131 Lenox Way San Francisco,"(37.7424201, -122.4649981)"
717 Battery St Basement San Francisco,"(None, None)"
2066 Chestnut St San Francisco,"(37.7997833, -122.4444179)"
4516 Mission St San Francisco,"(37.792562, -122.3940959)"
661 Divisadero St San Francisco,"(37.7757513, -122.438297662231)"
173 Eddy St San Francisco,"(37.7806028, -122.4389004)"
3251 20th Ave 250K San Francisco,"(None, None)"
2277 Shafter Ave San Francisco,"(37.7315956, -122.3917977)"
1152 Valencia St San Francisco,"(37.7544624, -122.4210385)"
1001 South Van Ness Ave San Francisco,"(37.7570488, -122.4165149)"
1042 Larkin St San Francisco,"(37.787716, -122.4181548)"
1785 Fulton St San Francisco,"(37.7733548, -122.4669692)"
2175 Market St San Francisco,"(37.76628605, -122.430041349368)"
333 Market St San Francisco,"(37.7920406, -122.397509)"
45 CONKLING St San Francisco,"(37.73577, -122.402088)"
503 Clement St San Francisco,"(37.7817296, -122.4913201)"
133 6th St San Francisco,"(37.7805891, -122.408017)"
4207 Geary Blvd San Francisco,"(37.7813601, -122.4556556)"
977 A North Point St San Francisco,"(37.8059327, -122.4187371)"
77 Battery St Suite 100 San Francisco,"(None, None)"
1060 Hyde St San Francisco,"(37.7907646, -122.417196847208)"
2404 California St San Francisco,"(37.7844693, -122.4722948)"
210 Columbus Ave San Francisco,"(37.7973738, -122.405721)"
500 Parnassus Ave San Francisco,"(37.76366725, -122.458144084127)"
3870 24th St San Francisco,"(37.7517067, -122.4290459)"
652 Pacific Ave San Francisco,"(37.7933552, -122.434753)"
901 VALENCIA St San Francisco,"(37.7601021, -122.4214375)"
2241 Judah St San Francisco,"(37.7611634, -122.4862929)"
1408 Clement St San Francisco,"(37.7826504, -122.4744078)"
2154 Irving St San Francisco,"(37.7635117, -122.4812658)"
100 Van Ness Ave #A San Francisco,"(None, None)"
24 Willie Mays Plaza San Francisco,"(37.7786119, -122.390267454256)"
876 Geary St San Francisco,"(37.7862682, -122.4176924)"
2406 19th Ave San Francisco,"(37.7428408, -122.4754437)"
3472 Mission St San Francisco,"(37.792562, -122.3940959)"
401 13th St San Francisco,"(37.770134, -122.4199387)"
401 Balboa St San Francisco,"(37.7771535, -122.4630916)"
34 Mason St San Francisco,"(37.7839535, -122.4090957)"
501 Buckingham Way San Francisco,"(37.72973, -122.479079672007)"
822 Irving St San Francisco,"(37.7641516, -122.4668086)"
1400 California St San Francisco,"(37.7911209, -122.4176119)"
85 Bartlett St San Francisco,"(37.7536892, -122.4196975)"
909 Grant Ave San Francisco,"(37.7891462, -122.4053364)"
2460 San Bruno Ave San Francisco,"(37.7239221, -122.4020784)"
498 09th St Ste. C San Francisco,"(None, None)"
920 Sutter St San Francisco,"(37.7892266, -122.4086335)"
1117 Stockton St San Francisco,"(37.7927488, -122.4076476)"
